epoch,rmse
0,45.57532472
1,41.69294328
2,42.58384971
3,40.96030185
4,40.03989893
5,42.53067597
6,39.86747759
7,38.3510929
8,38.3510929
9,38.59637349
10,38.90729977
11,37.57881839
12,36.8371438
13,37.80701146
14,36.57208359
